Anastasia,Toto,manager,1940-04-08,staffelb@yahoo.ca
Beau,Bartolo,developer,1940-07-18,boein@msn.com
In,Tighe,manager,1941-05-28,miyop@comcast.net
Kassandra,Mcdonnell,developer,1942-09-10,pkplex@comcast.net
Halina,Falconer,developer,1950-12-07,ninenine@hotmail.com
Asha,Turlington,developer,1952-12-02,janneh@gmail.com
Glynda,Bowling,manager,1953-05-25,murty@optonline.net
Ross,Clover,manager,1955-05-23,lamky@att.net
Noma,Veloz,manager,1955-12-27,gommix@msn.com
Juanita,Stamps,manager,1959-07-23,ozawa@icloud.com
Shin,Hora,developer,1960-12-08,dhwon@att.net
Debora,Buttner,manager,1970-04-21,drolsky@outlook.com
Priscila,Deere,developer,1971-09-10,north@outlook.com
Ann,Tookes,manager,1973-09-06,smallpaul@msn.com
Lois,Beckler,developer,1975-03-12,esbeck@yahoo.ca
Katheryn,Drucker,developer,1979-09-07,parksh@me.com
Jules,Basquez,developer,1980-03-06,shawnce@gmail.com
Nicole,Mynatt,manager,1980-06-09,retoh@yahoo.com
Aileen,Bumgardner,manager,1983-03-30,steveli
Bruno,Hardee,manager,1983-11-04,ivoibs@icloud.com
Abraham,Aho,manager,1984-12-25,sakusha@icloud.com
Alyson,Bonenfant,manager,1986-07-25,chronos@att.net
Deirdre,Schnur,manager,1991-12-26,fangorn@mac.com
Major,Tiffany,manager,1995-04-11,guialbu@me.com
Mora,Twedt,manager,2002-11-06,jonathan@mac.com
Venita,Vanduzer,developer,1941-08-25,formis@verizon.net
Terri,Holts,manager,1948-04-29,geeber@comcast.net
Reid,Russo,developer,1948-07-01,subir@sbcglobal.net
Camilla,Engelbrec,developer,1951-09-14,rgarcia@yahoo.ca
Etta,Wycoff,manager,1953-03-11,martink@me.com
Hiram,Collom,manager,1955-05-23,adamk@yahoo.com
Benito,Skillings,developer,1955-10-19,vertigo@yahoo.ca
Josephina,Borrelli,developer,1957-04-11,hakim@icloud.com
Cecille,Bridgeforth,manager,1957-11-29,dawnsong@verizon.net
Kimbra,Exline,manager,1958-12-24,library@att.net
Maryam,Amaral,manager,1963-05-06,caidaperl@optonline.net
Richard,Dimattia,manager,1969-11-06,hwestiii@outlook.com
Lazaro,Manwaring,developer,1974-01-11,fmerges@verizon.net
Senaida,Buhr,developer,1974-02-21,sakusha@verizon.net
Toni,Tilton,developer,1976-03-31,vlefevre@yahoo.com
Sharleen,Fountain,manager,1980-01-04,maratb@sbcglobal.net
Magaret,Barraza,manager,1980-05-05,jshearer@yahoo.ca
Johnnie,Coit,manager,1981-01-12,demmel@yahoo.com
Cedrick,Helman,developer,1984-09-13,novanet@me.com
Roosevelt,Puzo,developer,1985-11-29,lushe@gmail.com
Sarina,Such,manager,1987-10-23,squirrel@aol.com
Sheridan,Dalessio,manager,1991-08-09,joglo@att.net
Chan,Corrado,developer,1992-07-22,dkasak@comcast.net
Emerson,Sunday,manager,1998-09-11,brainless@icloud.com
Xiao,Paik,developer,2001-04-27,satch@att.net
Anastasia,Toto,manager,1940-04-08,staffelb@yahoo.ca
Beau,Bartolo,developer,1940-07-18,boein@msn.com
In,Tighe,manager,1941-05-28,miyop@comcast.net
Kassandra,Mcdonnell,developer,1942-09-10,pkplex@comcast.net
Halina,Falconer,developer,1950-12-07,ninenine@hotmail.com
Asha,Turlington,developer,1952-12-02,janneh@gmail.com
Glynda,Bowling,manager,1953-05-25,murty@optonline.net
Ross,Clover,manager,1955-05-23,lamky@att.net
Noma,Veloz,manager,1955-12-27,gommix@msn.com
Juanita,Stamps,manager,1959-07-23,ozawa@icloud.com
Shin,Hora,developer,1960-12-08,dhwon@att.net
Debora,Buttner,manager,1970-04-21,drolsky@outlook.com
Priscila,Deere,developer,1971-09-10,north@outlook.com
Ann,Tookes,manager,1973-09-06,smallpaul@msn.com
Lois,Beckler,developer,1975-03-12,esbeck@yahoo.ca
Katheryn,Drucker,developer,1979-09-07,parksh@me.com
Jules,Basquez,developer,1980-03-06,shawnce@gmail.com
Nicole,Mynatt,manager,1980-06-09,retoh@yahoo.com
Aileen,Bumgardner,manager,1983-03-30,stevelim@outlook.com
Bruno,Hardee,manager,1983-11-04,ivoibs@icloud.com
Abraham,Aho,manager,1984-12-25,sakusha@icloud.com
Alyson,Bonenfant,manager,1986-07-25,chronos@att.net
Deirdre,Schnur,manager,1991-12-26,fangorn@mac.com
Major,Tiffany,manager,1995-04-11,guialbu@me.com
Mora,Twedt,manager,2002-11-06,jonathan@mac.com
Venita,Vanduzer,developer,1941-08-25,formis@verizon.net
Terri,Holts,manager,1948-04-29,geeber@comcast.net
Reid,Russo,developer,1948-07-01,subir@sbcglobal.net
Camilla,Engelbrecht,developer,1951-09-14,rgarcia@yahoo.ca
Etta,Wycoff,manager,1953-03-11,martink@me.com
Hiram,Collom,manager,1955-05-23,adamk@yahoo.com
Benito,Skillings,developer,1955-10-19,vertigo@yahoo.ca
Josephina,Borrelli,developer,1957-04-11,hakim@icloud.com
Cecille,Bridgeforth,manager,1957-11-29,dawnsong@verizon.net
Kimbra,Exline,manager,1958-12-24,library@att.net
Maryam,Amaral,manager,1963-05-06,caidaperl@optonline.net
Richard,Dimattia,manager,1969-11-06,hwestiii@outlook.com
Lazaro,Manwaring,developer,1974-01-11,fmerges@verizon.net
Senaida,Buhr,developer,1974-02-21,sakusha@verizon.net
Toni,Tilton,developer,1976-03-31,vlefevre@yahoo.com
Sharleen,Fountain,manager,1980-01-04,maratb@sbcglobal.net
Magaret,Barraza,manager,1980-05-05,jshearer@yahoo.ca
Johnnie,Coit,manager,1981-01-12,demmel@yahoo.com
Cedrick,Helman,developer,1984-09-13,novanet@me.com
Roosevelt,Puzo,developer,1985-11-29,lushe@gmail.com
Sarina,Such,manager,1987-10-23,squirrel@aol.com
Sheridan,Dalessio,manager,1991-08-09,joglo@att.net
Chan,Corrado,developer,1992-07-22,dkasak@comcast.net
Emerson,Sunday,manager,1998-09-11,brainless@icloud.com
Xiao,Paik,developer,2001-04-27,satch@att.net
Anastasia,Toto,manager,1940-04-08,staffelb@yahoo.ca
Beau,Bartolo,developer,1940-07-18,boein@msn.com
In,Tighe,manager,1941-05-28,miyop@comcast.net
Kassandra,Mcdonnell,developer,1942-09-10,pkplex@comcast.net
Halina,Falconer,developer,1950-12-07,ninenine@hotmail.com
Asha,Turlington,developer,1952-12-02,janneh@gmail.com
Glynda,Bowling,manager,1953-05-25,murty@optonline.net
Ross,Clover,manager,1955-05-23,lamky@att.net
Noma,Veloz,manager,1955-12-27,gommix@msn.com
Juanita,Stamps,manager,1959-07-23,ozawa@icloud.com
Shin,Hora,developer,1960-12-08,dhwon@att.net
Debora,Buttner,manager,1970-04-21,drolsky@outlook.com
Priscila,Deere,developer,1971-09-10,north@outlook.com
Ann,Tookes,manager,1973-09-06,smallpaul@msn.com
Lois,Beckler,developer,1975-03-12,esbeck@yahoo.ca
Katheryn,Drucker,developer,1979-09-07,parksh@me.com
Jules,Basquez,developer,1980-03-06,shawnce@gmail.com
Nicole,Mynatt,manager,1980-06-09,retoh@yahoo.com
Aileen,Bumgardner,manager,1983-03-30,stevelim@outlook.com
Bruno,Hardee,manager,1983-11-04,ivoibs@icloud.com
Abraham,Aho,manager,1984-12-25,sakusha@icloud.com
Alyson,Bonenfant,manager,1986-07-25,chronos@att.net
Deirdre,Schnur,manager,1991-12-26,fangorn@mac.com
Major,Tiffany,manager,1995-04-11,guialbu@me.com
Mora,Twedt,manager,2002-11-06,jonathan@mac.com
Venita,Vanduzer,developer,1941-08-25,formis@verizon.net
Terri,Holts,manager,1948-04-29,geeber@comcast.net
Reid,Russo,developer,1948-07-01,subir@sbcglobal.net
Camilla,Engelbrecht,developer,1951-09-14,rgarcia@yahoo.ca
Etta,Wycoff,manager,1953-03-11,martink@me.com
Hiram,Collom,manager,1955-05-23,adamk@yahoo.com
Benito,Skillings,developer,1955-10-19,vertigo@yahoo.ca
Josephina,Borrelli,developer,1957-04-11,hakim@icloud.com
Cecille,Bridgeforth,manager,1957-11-29,dawnsong@verizon.net
Kimbra,Exline,manager,1958-12-24,library@att.net
Maryam,Amaral,manager,1963-05-06,caidaperl@optonline.net
Richard,Dimattia,manager,1969-11-06,hwestiii@outlook.com
Lazaro,Manwaring,developer,1974-01-11,fmerges@verizon.net
Senaida,Buhr,developer,1974-02-21,sakusha@verizon.net
Toni,Tilton,developer,1976-03-31,vlefevre@yahoo.com
Sharleen,Fountain,manager,1980-01-04,maratb@sbcglobal.net
Magaret,Barraza,manager,1980-05-05,jshearer@yahoo.ca
Johnnie,Coit,manager,1981-01-12,demmel@yahoo.com
Cedrick,Helman,developer,1984-09-13,novanet@me.com
Roosevelt,Puzo,developer,1985-11-29,lushe@gmail.com
Sarina,Such,manager,1987-10-23,squirrel@aol.com
Sheridan,Dalessio,manager,1991-08-09,joglo@att.net
Chan,Corrado,developer,1992-07-22,dkasak@comcast.net
Emerson,Sunday,manager,1998-09-11,brainless@icloud.com
Xiao,Paik,developer,2001-04-27,satch@att.net
Anastasia,Toto,manager,1940-04-08,staffelb@yahoo.ca
Beau,Bartolo,developer,1940-07-18,boein@msn.com
In,Tighe,manager,1941-05-28,miyop@comcast.net
Kassandra,Mcdonnell,developer,1942-09-10,pkplex@comcast.net
Halina,Falconer,developer,1950-12-07,ninenine@hotmail.com
Asha,Turlington,developer,1952-12-02,janneh@gmail.com
Glynda,Bowling,manager,1953-05-25,murty@optonline.net
Ross,Clover,manager,1955-05-23,lamky@att.net
Noma,Veloz,manager,1955-12-27,gommix@msn.com
Juanita,Stamps,manager,1959-07-23,ozawa@icloud.com
Shin,Hora,developer,1960-12-08,dhwon@att.net
Debora,Buttner,manager,1970-04-21,drolsky@outlook.com
Priscila,Deere,developer,1971-09-10,north@outlook.com
Ann,Tookes,manager,1973-09-06,smallpaul@msn.com
Lois,Beckler,developer,1975-03-12,esbeck@yahoo.ca
Katheryn,Drucker,developer,1979-09-07,parksh@me.com
Jules,Basquez,developer,1980-03-06,shawnce@gmail.com
Nicole,Mynatt,manager,1980-06-09,retoh@yahoo.com
Aileen,Bumgardner,manager,1983-03-30,stevelim@outlook.com
Bruno,Hardee,manager,1983-11-04,ivoibs@icloud.com
Abraham,Aho,manager,1984-12-25,sakusha@icloud.com
Alyson,Bonenfant,manager,1986-07-25,chronos@att.net
Deirdre,Schnur,manager,1991-12-26,fangorn@mac.com
Major,Tiffany,manager,1995-04-11,guialbu@me.com
Mora,Twedt,manager,2002-11-06,jonathan@mac.com
Venita,Vanduzer,developer,1941-08-25,formis@verizon.net
Terri,Holts,manager,1948-04-29,geeber@comcast.net
Reid,Russo,developer,1948-07-01,subir@sbcglobal.net
Camilla,Engelbrecht,developer,1951-09-14,rgarcia@yahoo.ca
Etta,Wycoff,manager,1953-03-11,martink@me.com
Hiram,Collom,manager,1955-05-23,adamk@yahoo.com
Benito,Skillings,developer,1955-10-19,vertigo@yahoo.ca
Josephina,Borrelli,developer,1957-04-11,hakim@icloud.com
Cecille,Bridgeforth,manager,1957-11-29,dawnsong@verizon.net
Kimbra,Exline,manager,1958-12-24,library@att.net
Maryam,Amaral,manager,1963-05-06,caidaperl@optonline.net
Richard,Dimattia,manager,1969-11-06,hwestiii@outlook.com
Lazaro,Manwaring,developer,1974-01-11,fmerges@verizon.net
Senaida,Buhr,developer,1974-02-21,sakusha@verizon.net
Toni,Tilton,developer,1976-03-31,vlefevre@yahoo.com
Sharleen,Fountain,manager,1980-01-04,maratb@sbcglobal.net
Magaret,Barraza,manager,1980-05-05,jshearer@yahoo.ca
Johnnie,Coit,manager,1981-01-12,demmel@yahoo.com
Cedrick,Helman,developer,1984-09-13,novanet@me.com
Roosevelt,Puzo,developer,1985-11-29,lushe@gmail.com
Sarina,Such,manager,1987-10-23,squirrel@aol.com
Sheridan,Dalessio,manager,1991-08-09,joglo@att.net
Chan,Corrado,developer,1992-07-22,dkasak@comcast.net
Emerson,Sunday,manager,1998-09-11,brainless@icloud.com
Xiao,Paik,developer,2001-04-27,satch@att.net
Anastasia,Toto,manager,1940-04-08,staffelb@yahoo.ca
Beau,Bartolo,developer,1940-07-18,boein@msn.com
In,Tighe,manager,1941-05-28,miyop@comcast.net
Kassandra,Mcdonnell,developer,1942-09-10,pkplex@comcast.net
Halina,Falconer,developer,1950-12-07,ninenine@hotmail.com
Asha,Turlington,developer,1952-12-02,janneh@gmail.com
Glynda,Bowling,manager,1953-05-25,murty@optonline.net
Ross,Clover,manager,1955-05-23,lamky@att.net
Noma,Veloz,manager,1955-12-27,gommix@msn.com
Juanita,Stamps,manager,1959-07-23,ozawa@icloud.com
Shin,Hora,developer,1960-12-08,dhwon@att.net
Debora,Buttner,manager,1970-04-21,drolsky@outlook.com
Priscila,Deere,developer,1971-09-10,north@outlook.com
Ann,Tookes,manager,1973-09-06,smallpaul@msn.com
Lois,Beckler,developer,1975-03-12,esbeck@yahoo.ca
Katheryn,Drucker,developer,1979-09-07,parksh@me.com
Jules,Basquez,developer,1980-03-06,shawnce@gmail.com
Nicole,Mynatt,manager,1980-06-09,retoh@yahoo.com
Aileen,Bumgardner,manager,1983-03-30,stevelim@outlook.com
Bruno,Hardee,manager,1983-11-04,ivoibs@icloud.com
Abraham,Aho,manager,1984-12-25,sakusha@icloud.com
Alyson,Bonenfant,manager,1986-07-25,chronos@att.net
Deirdre,Schnur,manager,1991-12-26,fangorn@mac.com
Major,Tiffany,manager,1995-04-11,guialbu@me.com
Mora,Twedt,manager,2002-11-06,jonathan@mac.com
Venita,Vanduzer,developer,1941-08-25,formis@verizon.net
Terri,Holts,manager,1948-04-29,geeber@comcast.net
Reid,Russo,developer,1948-07-01,subir@sbcglobal.net
Camilla,Engelbrecht,developer,1951-09-14,rgarcia@yahoo.ca
Etta,Wycoff,manager,1953-03-11,martink@me.com
Hiram,Collom,manager,1955-05-23,adamk@yahoo.com
Benito,Skillings,developer,1955-10-19,vertigo@yahoo.ca
Josephina,Borrelli,developer,1957-04-11,hakim@icloud.com
Cecille,Bridgeforth,manager,1957-11-29,dawnsong@verizon.net
Kimbra,Exline,manager,1958-12-24,library@att.net
Maryam,Amaral,manager,1963-05-06,caidaperl@optonline.net
Richard,Dimattia,manager,1969-11-06,hwestiii@outlook.com
Lazaro,Manwaring,developer,1974-01-11,fmerges@verizon.net
Senaida,Buhr,developer,1974-02-21,sakusha@verizon.net
Toni,Tilton,developer,1976-03-31,vlefevre@yahoo.com
Sharleen,Fountain,manager,1980-01-04,maratb@sbcglobal.net
Magaret,Barraza,manager,1980-05-05,jshearer@yahoo.ca
Johnnie,Coit,manager,1981-01-12,demmel@yahoo.com
Cedrick,Helman,developer,1984-09-13,novanet@me.com
Roosevelt,Puzo,developer,1985-11-29,lushe@gmail.com
Sarina,Such,manager,1987-10-23,squirrel@aol.com
Sheridan,Dalessio,manager,1991-08-09,joglo@att.net
Chan,Corrado,developer,1992-07-22,dkasak@comcast.net
Emerson,Sunday,manager,1998-09-11,brainless@icloud.com
Xiao,Paik,developer,2001-04-27,satch@att.net
Anastasia,Toto,manager,1940-04-08,staffelb@yahoo.ca
Beau,Bartolo,developer,1940-07-18,boein@msn.com
In,Tighe,manager,1941-05-28,miyop@comcast.net
Kassandra,Mcdonnell,developer,1942-09-10,pkplex@comcast.net
Halina,Falconer,developer,1950-12-07,ninenine@hotmail.com
Asha,Turlington,developer,1952-12-02,janneh@gmail.com
Glynda,Bowling,manager,1953-05-25,murty@optonline.net
Ross,Clover,manager,1955-05-23,lamky@att.net
Noma,Veloz,manager,1955-12-27,gommix@msn.com
Juanita,Stamps,manager,1959-07-23,ozawa@icloud.com
Shin,Hora,developer,1960-12-08,dhwon@att.net
Debora,Buttner,manager,1970-04-21,drolsky@outlook.com
Priscila,Deere,developer,1971-09-10,north@outlook.com
Ann,Tookes,manager,1973-09-06,smallpaul@msn.com
Lois,Beckler,developer,1975-03-12,esbeck@yahoo.ca
Katheryn,Drucker,developer,1979-09-07,parksh@me.com
Jules,Basquez,developer,1980-03-06,shawnce@gmail.com
Nicole,Mynatt,manager,1980-06-09,retoh@yahoo.com
Aileen,Bumgardner,manager,1983-03-30,stevelim@outlook.com
Bruno,Hardee,manager,1983-11-04,ivoibs@icloud.com
Abraham,Aho,manager,1984-12-25,sakusha@icloud.com
Alyson,Bonenfant,manager,1986-07-25,chronos@att.net
Deirdre,Schnur,manager,1991-12-26,fangorn@mac.com
Major,Tiffany,manager,1995-04-11,guialbu@me.com
Mora,Twedt,manager,2002-11-06,jonathan@mac.com
Venita,Vanduzer,developer,1941-08-25,formis@verizon.net
Terri,Holts,manager,1948-04-29,geeber@comcast.net
Reid,Russo,developer,1948-07-01,subir@sbcglobal.net
Camilla,Engelbrecht,developer,1951-09-14,rgarcia@yahoo.ca
Etta,Wycoff,manager,1953-03-11,martink@me.com
Hiram,Collom,manager,1955-05-23,adamk@yahoo.com
Benito,Skillings,developer,1955-10-19,vertigo@yahoo.ca
Josephina,Borrelli,developer,1957-04-11,hakim@icloud.com
Cecille,Bridgeforth,manager,1957-11-29,dawnsong@verizon.net
Kimbra,Exline,manager,1958-12-24,library@att.net
Maryam,Amaral,manager,1963-05-06,caidaperl@optonline.net
Richard,Dimattia,manager,1969-11-06,hwestiii@outlook.com
Lazaro,Manwaring,developer,1974-01-11,fmerges@verizon.net
Senaida,Buhr,developer,1974-02-21,sakusha@verizon.net
Toni,Tilton,developer,1976-03-31,vlefevre@yahoo.com
Sharleen,Fountain,manager,1980-01-04,maratb@sbcglobal.net
Magaret,Barraza,manager,1980-05-05,jshearer@yahoo.ca
Johnnie,Coit,manager,1981-01-12,demmel@yahoo.com
Cedrick,Helman,developer,1984-09-13,novanet@me.com
Roosevelt,Puzo,developer,1985-11-29,lushe@gmail.com
Sarina,Such,manager,1987-10-23,squirrel@aol.com
Sheridan,Dalessio,manager,1991-08-09,joglo@att.net
Chan,Corrado,developer,1992-07-22,dkasak@comcast.net
Emerson,Sunday,manager,1998-09-11,brainless@icloud.com
Xiao,Paik,developer,2001-04-27,satch@att.net
Anastasia,Toto,manager,1940-04-08,staffelb@yahoo.ca
Beau,Bartolo,developer,1940-07-18,boein@msn.com
In,Tighe,manager,1941-05-28,miyop@comcast.net
Kassandra,Mcdonnell,developer,1942-09-10,pkplex@comcast.net
Halina,Falconer,developer,1950-12-07,ninenine@hotmail.com
Asha,Turlington,developer,1952-12-02,janneh@gmail.com
Glynda,Bowling,manager,1953-05-25,murty@optonline.net
Ross,Clover,manager,1955-05-23,lamky@att.net
Noma,Veloz,manager,1955-12-27,gommix@msn.com
Juanita,Stamps,manager,1959-07-23,ozawa@icloud.com
Shin,Hora,developer,1960-12-08,dhwon@att.net
Debora,Buttner,manager,1970-04-21,drolsky@outlook.com
Priscila,Deere,developer,1971-09-10,north@outlook.com
Ann,Tookes,manager,1973-09-06,smallpaul@msn.com
Lois,Beckler,developer,1975-03-12,esbeck@yahoo.ca
Katheryn,Drucker,developer,1979-09-07,parksh@me.com
Jules,Basquez,developer,1980-03-06,shawnce@gmail.com
Nicole,Mynatt,manager,1980-06-09,retoh@yahoo.com
Aileen,Bumgardner,manager,1983-03-30,stevelim@outlook.com
Bruno,Hardee,manager,1983-11-04,ivoibs@icloud.com
Abraham,Aho,manager,1984-12-25,sakusha@icloud.com
Alyson,Bonenfant,manager,1986-07-25,chronos@att.net
Deirdre,Schnur,manager,1991-12-26,fangorn@mac.com
Major,Tiffany,manager,1995-04-11,guialbu@me.com
Mora,Twedt,manager,2002-11-06,jonathan@mac.com
Venita,Vanduzer,developer,1941-08-25,formis@verizon.net
Terri,Holts,manager,1948-04-29,geeber@comcast.net
Reid,Russo,developer,1948-07-01,subir@sbcglobal.net
Camilla,Engelbrecht,developer,1951-09-14,rgarcia@yahoo.ca
Etta,Wycoff,manager,1953-03-11,martink@me.com
Hiram,Collom,manager,1955-05-23,adamk@yahoo.com
Benito,Skillings,developer,1955-10-19,vertigo@yahoo.ca
Josephina,Borrelli,developer,1957-04-11,hakim@icloud.com
Cecille,Bridgeforth,manager,1957-11-29,dawnsong@verizon.net
Kimbra,Exline,manager,1958-12-24,library@att.net
Maryam,Amaral,manager,1963-05-06,caidaperl@optonline.net
Richard,Dimattia,manager,1969-11-06,hwestiii@outlook.com
Lazaro,Manwaring,developer,1974-01-11,fmerges@verizon.net
Senaida,Buhr,developer,1974-02-21,sakusha@verizon.net
Toni,Tilton,developer,1976-03-31,vlefevre@yahoo.com
Sharleen,Fountain,manager,1980-01-04,maratb@sbcglobal.net
Magaret,Barraza,manager,1980-05-05,jshearer@yahoo.ca
Johnnie,Coit,manager,1981-01-12,demmel@yahoo.com
Cedrick,Helman,developer,1984-09-13,novanet@me.com
Roosevelt,Puzo,developer,1985-11-29,lushe@gmail.com
Sarina,Such,manager,1987-10-23,squirrel@aol.com
Sheridan,Dalessio,manager,1991-08-09,joglo@att.net
Chan,Corrado,developer,1992-07-22,dkasak@comcast.net
Emerson,Sunday,manager,1998-09-11,brainless@icloud.com
Xiao,Paik,developer,2001-04-27,satch@att.net
Anastasia,Toto,manager,1940-04-08,staffelb@yahoo.ca
Beau,Bartolo,developer,1940-07-18,boein@msn.com
In,Tighe,manager,1941-05-28,miyop@comcast.net
Kassandra,Mcdonnell,developer,1942-09-10,pkplex@comcast.net
Halina,Falconer,developer,1950-12-07,ninenine@hotmail.com
Asha,Turlington,developer,1952-12-02,janneh@gmail.com
Glynda,Bowling,manager,1953-05-25,murty@optonline.net
Ross,Clover,manager,1955-05-23,lamky@att.net
Noma,Veloz,manager,1955-12-27,gommix@msn.com
Juanita,Stamps,manager,1959-07-23,ozawa@icloud.com
Shin,Hora,developer,1960-12-08,dhwon@att.net
Debora,Buttner,manager,1970-04-21,drolsky@outlook.com
Priscila,Deere,developer,1971-09-10,north@outlook.com
Ann,Tookes,manager,1973-09-06,smallpaul@msn.com
Lois,Beckler,developer,1975-03-12,esbeck@yahoo.ca
Katheryn,Drucker,developer,1979-09-07,parksh@me.com
Jules,Basquez,developer,1980-03-06,shawnce@gmail.com
Nicole,Mynatt,manager,1980-06-09,retoh@yahoo.com
Aileen,Bumgardner,manager,1983-03-30,stevelim@outlook.com
Bruno,Hardee,manager,1983-11-04,ivoibs@icloud.com
Abraham,Aho,manager,1984-12-25,sakusha@icloud.com
Alyson,Bonenfant,manager,1986-07-25,chronos@att.net
Deirdre,Schnur,manager,1991-12-26,fangorn@mac.com
Major,Tiffany,manager,1995-04-11,guialbu@me.com
Mora,Twedt,manager,2002-11-06,jonathan@mac.com
Venita,Vanduzer,developer,1941-08-25,formis@verizon.net
Terri,Holts,manager,1948-04-29,geeber@comcast.net
Reid,Russo,developer,1948-07-01,subir@sbcglobal.net
Camilla,Engelbrecht,developer,1951-09-14,rgarcia@yahoo.ca
Etta,Wycoff,manager,1953-03-11,martink@me.com
Hiram,Collom,manager,1955-05-23,adamk@yahoo.com
Benito,Skillings,developer,1955-10-19,vertigo@yahoo.ca
Josephina,Borrelli,developer,1957-04-11,hakim@icloud.com
Cecille,Bridgeforth,manager,1957-11-29,dawnsong@verizon.net
Kimbra,Exline,manager,1958-12-24,library@att.net
Maryam,Amaral,manager,1963-05-06,caidaperl@optonline.net
Richard,Dimattia,manager,1969-11-06,hwestiii@outlook.com
Lazaro,Manwaring,developer,1974-01-11,fmerges@verizon.net
Senaida,Buhr,developer,1974-02-21,sakusha@verizon.net
Toni,Tilton,developer,1976-03-31,vlefevre@yahoo.com
Sharleen,Fountain,manager,1980-01-04,maratb@sbcglobal.net
Magaret,Barraza,manager,1980-05-05,jshearer@yahoo.ca
Johnnie,Coit,manager,1981-01-12,demmel@yahoo.com
Cedrick,Helman,developer,1984-09-13,novanet@me.com
Roosevelt,Puzo,developer,1985-11-29,lushe@gmail.com
Sarina,Such,manager,1987-10-23,squirrel@aol.com
Sheridan,Dalessio,manager,1991-08-09,joglo@att.net
Chan,Corrado,developer,1992-07-22,dkasak@comcast.net
Emerson,Sunday,manager,1998-09-11,brainless@icloud.com
Xiao,Paik,developer,2001-04-27,satch@att.net
Anastasia,Toto,manager,1940-04-08,staffelb@yahoo.ca
Beau,Bartolo,developer,1940-07-18,boein@msn.com
In,Tighe,manager,1941-05-28,miyop@comcast.net
Kassandra,Mcdonnell,developer,1942-09-10,pkplex@comcast.net
Halina,Falconer,developer,1950-12-07,ninenine@hotmail.com
Asha,Turlington,developer,1952-12-02,janneh@gmail.com
Glynda,Bowling,manager,1953-05-25,murty@optonline.net
Ross,Clover,manager,1955-05-23,lamky@att.net
Noma,Veloz,manager,1955-12-27,gommix@msn.com
Juanita,Stamps,manager,1959-07-23,ozawa@icloud.com
Shin,Hora,developer,1960-12-08,dhwon@att.net
Debora,Buttner,manager,1970-04-21,drolsky@outlook.com
Priscila,Deere,developer,1971-09-10,north@outlook.com
Ann,Tookes,manager,1973-09-06,smallpaul@msn.com
Lois,Beckler,developer,1975-03-12,esbeck@yahoo.ca
Katheryn,Drucker,developer,1979-09-07,parksh@me.com
Jules,Basquez,developer,1980-03-06,shawnce@gmail.com
Nicole,Mynatt,manager,1980-06-09,retoh@yahoo.com
Aileen,Bumgardner,manager,1983-03-30,stevelim@outlook.com
Bruno,Hardee,manager,1983-11-04,ivoibs@icloud.com
Abraham,Aho,manager,1984-12-25,sakusha@icloud.com
Alyson,Bonenfant,manager,1986-07-25,chronos@att.net
Deirdre,Schnur,manager,1991-12-26,fangorn@mac.com
Major,Tiffany,manager,1995-04-11,guialbu@me.com
Mora,Twedt,manager,2002-11-06,jonathan@mac.com
Venita,Vanduzer,developer,1941-08-25,formis@verizon.net
Terri,Holts,manager,1948-04-29,geeber@comcast.net
Reid,Russo,developer,1948-07-01,subir@sbcglobal.net
Camilla,Engelbrecht,developer,1951-09-14,rgarcia@yahoo.ca
Etta,Wycoff,manager,1953-03-11,martink@me.com
Hiram,Collom,manager,1955-05-23,adamk@yahoo.com
Benito,Skillings,developer,1955-10-19,vertigo@yahoo.ca
Josephina,Borrelli,developer,1957-04-11,hakim@icloud.com
Cecille,Bridgeforth,manager,1957-11-29,dawnsong@verizon.net
Kimbra,Exline,manager,1958-12-24,library@att.net
Maryam,Amaral,manager,1963-05-06,caidaperl@optonline.net
Richard,Dimattia,manager,1969-11-06,hwestiii@outlook.com
Lazaro,Manwaring,developer,1974-01-11,fmerges@verizon.net
Senaida,Buhr,developer,1974-02-21,sakusha@verizon.net
Toni,Tilton,developer,1976-03-31,vlefevre@yahoo.com
Sharleen,Fountain,manager,1980-01-04,maratb@sbcglobal.net
Magaret,Barraza,manager,1980-05-05,jshearer@yahoo.ca
Johnnie,Coit,manager,1981-01-12,demmel@yahoo.com
Cedrick,Helman,developer,1984-09-13,novanet@me.com
Roosevelt,Puzo,developer,1985-11-29,lushe@gmail.com
Sarina,Such,manager,1987-10-23,squirrel@aol.com
Sheridan,Dalessio,manager,1991-08-09,joglo@att.net
Chan,Corrado,developer,1992-07-22,dkasak@comcast.net
Emerson,Sunday,manager,1998-09-11,brainless@icloud.com
Xiao,Paik,developer,2001-04-27,satch@att.net
Anastasia,Toto,manager,1940-04-08,staffelb@yahoo.ca
Beau,Bartolo,developer,1940-07-18,boein@msn.com
In,Tighe,manager,1941-05-28,miyop@comcast.net
Kassandra,Mcdonnell,developer,1942-09-10,pkplex@comcast.net
Halina,Falconer,developer,1950-12-07,ninenine@hotmail.com
Asha,Turlington,developer,1952-12-02,janneh@gmail.com
Glynda,Bowling,manager,1953-05-25,murty@optonline.net
Ross,Clover,manager,1955-05-23,lamky@att.net
Noma,Veloz,manager,1955-12-27,gommix@msn.com
Juanita,Stamps,manager,1959-07-23,ozawa@icloud.com
Shin,Hora,developer,1960-12-08,dhwon@att.net
Debora,Buttner,manager,1970-04-21,drolsky@outlook.com
Priscila,Deere,developer,1971-09-10,north@outlook.com
Ann,Tookes,manager,1973-09-06,smallpaul@msn.com
Lois,Beckler,developer,1975-03-12,esbeck@yahoo.ca
Katheryn,Drucker,developer,1979-09-07,parksh@me.com
Jules,Basquez,developer,1980-03-06,shawnce@gmail.com
Nicole,Mynatt,manager,1980-06-09,retoh@yahoo.com
Aileen,Bumgardner,manager,1983-03-30,stevelim@outlook.com
Bruno,Hardee,manager,1983-11-04,ivoibs@icloud.com
Abraham,Aho,manager,1984-12-25,sakusha@icloud.com
Alyson,Bonenfant,manager,1986-07-25,chronos@att.net
Deirdre,Schnur,manager,1991-12-26,fangorn@mac.com
Major,Tiffany,manager,1995-04-11,guialbu@me.com
Mora,Twedt,manager,2002-11-06,jonathan@mac.com
Venita,Vanduzer,developer,1941-08-25,formis@verizon.net
Terri,Holts,manager,1948-04-29,geeber@comcast.net
Reid,Russo,developer,1948-07-01,subir@sbcglobal.net
Camilla,Engelbrecht,developer,1951-09-14,rgarcia@yahoo.ca
Etta,Wycoff,manager,1953-03-11,martink@me.com
Hiram,Collom,manager,1955-05-23,adamk@yahoo.com
Benito,Skillings,developer,1955-10-19,vertigo@yahoo.ca
Josephina,Borrelli,developer,1957-04-11,hakim@icloud.com
Cecille,Bridgeforth,manager,1957-11-29,dawnsong@verizon.net
Kimbra,Exline,manager,1958-12-24,library@att.net
Maryam,Amaral,manager,1963-05-06,caidaperl@optonline.net
Richard,Dimattia,manager,1969-11-06,hwestiii@outlook.com
Lazaro,Manwaring,developer,1974-01-11,fmerges@verizon.net
Senaida,Buhr,developer,1974-02-21,sakusha@verizon.net
Toni,Tilton,developer,1976-03-31,vlefevre@yahoo.com
Sharleen,Fountain,manager,1980-01-04,maratb@sbcglobal.net
Magaret,Barraza,manager,1980-05-05,jshearer@yahoo.ca
Johnnie,Coit,manager,1981-01-12,demmel@yahoo.com
Cedrick,Helman,developer,1984-09-13,novanet@me.com
Roosevelt,Puzo,developer,1985-11-29,lushe@gmail.com
Sarina,Such,manager,1987-10-23,squirrel@aol.com
Sheridan,Dalessio,manager,1991-08-09,joglo@att.net
Chan,Corrado,developer,1992-07-22,dkasak@comcast.net
Emerson,Sunday,manager,1998-09-11,brainless@icloud.com
Xiao,Paik,developer,2001-04-27,satch@att.net
Anastasia,Toto,manager,1940-04-08,staffelb@yahoo.ca
Beau,Bartolo,developer,1940-07-18,boein@msn.com
In,Tighe,manager,1941-05-28,miyop@comcast.net
Kassandra,Mcdonnell,developer,1942-09-10,pkplex@comcast.net
Halina,Falconer,developer,1950-12-07,ninenine@hotmail.com
Asha,Turlington,developer,1952-12-02,janneh@gmail.com
Glynda,Bowling,manager,1953-05-25,murty@optonline.net
Ross,Clover,manager,1955-05-23,lamky@att.net
Noma,Veloz,manager,1955-12-27,gommix@msn.com
Juanita,Stamps,manager,1959-07-23,ozawa@icloud.com
Shin,Hora,developer,1960-12-08,dhwon@att.net
Debora,Buttner,manager,1970-04-21,drolsky@outlook.com
Priscila,Deere,developer,1971-09-10,north@outlook.com
Ann,Tookes,manager,1973-09-06,smallpaul@msn.com
Lois,Beckler,developer,1975-03-12,esbeck@yahoo.ca
Katheryn,Drucker,developer,1979-09-07,parksh@me.com
Jules,Basquez,developer,1980-03-06,shawnce@gmail.com
Nicole,Mynatt,manager,1980-06-09,retoh@yahoo.com
Aileen,Bumgardner,manager,1983-03-30,stevelim@outlook.com
Bruno,Hardee,manager,1983-11-04,ivoibs@icloud.com
Abraham,Aho,manager,1984-12-25,sakusha@icloud.com
Alyson,Bonenfant,manager,1986-07-25,chronos@att.net
Deirdre,Schnur,manager,1991-12-26,fangorn@mac.com
Major,Tiffany,manager,1995-04-11,guialbu@me.com
Mora,Twedt,manager,2002-11-06,jonathan@mac.com
Venita,Vanduzer,developer,1941-08-25,formis@verizon.net
Terri,Holts,manager,1948-04-29,geeber@comcast.net
Reid,Russo,developer,1948-07-01,subir@sbcglobal.net
Camilla,Engelbrecht,developer,1951-09-14,rgarcia@yahoo.ca
Etta,Wycoff,manager,1953-03-11,martink@me.com
Hiram,Collom,manager,1955-05-23,adamk@yahoo.com
Benito,Skillings,developer,1955-10-19,vertigo@yahoo.ca
Josephina,Borrelli,developer,1957-04-11,hakim@icloud.com
Cecille,Bridgeforth,manager,1957-11-29,dawnsong@verizon.net
Kimbra,Exline,manager,1958-12-24,library@att.net
Maryam,Amaral,manager,1963-05-06,caidaperl@optonline.net
Richard,Dimattia,manager,1969-11-06,hwestiii@outlook.com
Lazaro,Manwaring,developer,1974-01-11,fmerges@verizon.net
Senaida,Buhr,developer,1974-02-21,sakusha@verizon.net
Toni,Tilton,developer,1976-03-31,vlefevre@yahoo.com
Sharleen,Fountain,manager,1980-01-04,maratb@sbcglobal.net
Magaret,Barraza,manager,1980-05-05,jshearer@yahoo.ca
Johnnie,Coit,manager,1981-01-12,demmel@yahoo.com
Cedrick,Helman,developer,1984-09-13,novanet@me.com
Roosevelt,Puzo,developer,1985-11-29,lushe@gmail.com
Sarina,Such,manager,1987-10-23,squirrel@aol.com
Sheridan,Dalessio,manager,1991-08-09,joglo@att.net
Chan,Corrado,developer,1992-07-22,dkasak@comcast.net
Emerson,Sunday,manager,1998-09-11,brainless@icloud.com
Xiao,Paik,developer,2001-04-27,satch@att.net
Anastasia,Toto,manager,1940-04-08,staffelb@yahoo.ca
Beau,Bartolo,developer,1940-07-18,boein@msn.com
In,Tighe,manager,1941-05-28,miyop@comcast.net
Kassandra,Mcdonnell,developer,1942-09-10,pkplex@comcast.net
Halina,Falconer,developer,1950-12-07,ninenine@hotmail.com
Asha,Turlington,developer,1952-12-02,janneh@gmail.com
Glynda,Bowling,manager,1953-05-25,murty@optonline.net
Ross,Clover,manager,1955-05-23,lamky@att.net
Noma,Veloz,manager,1955-12-27,gommix@msn.com
Juanita,Stamps,manager,1959-07-23,ozawa@icloud.com
Shin,Hora,developer,1960-12-08,dhwon@att.net
Debora,Buttner,manager,1970-04-21,drolsky@outlook.com
Priscila,Deere,developer,1971-09-10,north@outlook.com
Ann,Tookes,manager,1973-09-06,smallpaul@msn.com
Lois,Beckler,developer,1975-03-12,esbeck@yahoo.ca
Katheryn,Drucker,developer,1979-09-07,parksh@me.com
Jules,Basquez,developer,1980-03-06,shawnce@gmail.com
Nicole,Mynatt,manager,1980-06-09,retoh@yahoo.com
Aileen,Bumgardner,manager,1983-03-30,stevelim@outlook.com
Bruno,Hardee,manager,1983-11-04,ivoibs@icloud.com
Abraham,Aho,manager,1984-12-25,sakusha@icloud.com
Alyson,Bonenfant,manager,1986-07-25,chronos@att.net
Deirdre,Schnur,manager,1991-12-26,fangorn@mac.com
Major,Tiffany,manager,1995-04-11,guialbu@me.com
Mora,Twedt,manager,2002-11-06,jonathan@mac.com
Venita,Vanduzer,developer,1941-08-25,formis@verizon.net
Terri,Holts,manager,1948-04-29,geeber@comcast.net
Reid,Russo,developer,1948-07-01,subir@sbcglobal.net
Camilla,Engelbrecht,developer,1951-09-14,rgarcia@yahoo.ca
Etta,Wycoff,manager,1953-03-11,martink@me.com
Hiram,Collom,manager,1955-05-23,adamk@yahoo.com
Benito,Skillings,developer,1955-10-19,vertigo@yahoo.ca
Josephina,Borrelli,developer,1957-04-11,hakim@icloud.com
Cecille,Bridgeforth,manager,1957-11-29,dawnsong@verizon.net
Kimbra,Exline,manager,1958-12-24,library@att.net
Maryam,Amaral,manager,1963-05-06,caidaperl@optonline.net
Richard,Dimattia,manager,1969-11-06,hwestiii@outlook.com
Lazaro,Manwaring,developer,1974-01-11,fmerges@verizon.net
Senaida,Buhr,developer,1974-02-21,sakusha@verizon.net
Toni,Tilton,developer,1976-03-31,vlefevre@yahoo.com
Sharleen,Fountain,manager,1980-01-04,maratb@sbcglobal.net
Magaret,Barraza,manager,1980-05-05,jshearer@yahoo.ca
Johnnie,Coit,manager,1981-01-12,demmel@yahoo.com
Cedrick,Helman,developer,1984-09-13,novanet@me.com
Roosevelt,Puzo,developer,1985-11-29,lushe@gmail.com
Sarina,Such,manager,1987-10-23,squirrel@aol.com
Sheridan,Dalessio,manager,1991-08-09,joglo@att.net
Chan,Corrado,developer,1992-07-22,dkasak@comcast.net
Emerson,Sunday,manager,1998-09-11,brainless@icloud.com
Xiao,Paik,developer,2001-04-27,satch@att.net
Anastasia,Toto,manager,1940-04-08,staffelb@yahoo.ca
Beau,Bartolo,developer,1940-07-18,boein@msn.com
In,Tighe,manager,1941-05-28,miyop@comcast.net
Kassandra,Mcdonnell,developer,1942-09-10,pkplex@comcast.net
Halina,Falconer,developer,1950-12-07,ninenine@hotmail.com
Asha,Turlington,developer,1952-12-02,janneh@gmail.com
Glynda,Bowling,manager,1953-05-25,murty@optonline.net
Ross,Clover,manager,1955-05-23,lamky@att.net
Noma,Veloz,manager,1955-12-27,gommix@msn.com
Juanita,Stamps,manager,1959-07-23,ozawa@icloud.com
Shin,Hora,developer,1960-12-08,dhwon@att.net
Debora,Buttner,manager,1970-04-21,drolsky@outlook.com
Priscila,Deere,developer,1971-09-10,north@outlook.com
Ann,Tookes,manager,1973-09-06,smallpaul@msn.com
Lois,Beckler,developer,1975-03-12,esbeck@yahoo.ca
Katheryn,Drucker,developer,1979-09-07,parksh@me.com
Jules,Basquez,developer,1980-03-06,shawnce@gmail.com
Nicole,Mynatt,manager,1980-06-09,retoh@yahoo.com
Aileen,Bumgardner,manager,1983-03-30,stevelim@outlook.com
Bruno,Hardee,manager,1983-11-04,ivoibs@icloud.com
Abraham,Aho,manager,1984-12-25,sakusha@icloud.com
Alyson,Bonenfant,manager,1986-07-25,chronos@att.net
Deirdre,Schnur,manager,1991-12-26,fangorn@mac.com
Major,Tiffany,manager,1995-04-11,guialbu@me.com
Mora,Twedt,manager,2002-11-06,jonathan@mac.com
Venita,Vanduzer,developer,1941-08-25,formis@verizon.net
Terri,Holts,manager,1948-04-29,geeber@comcast.net
Reid,Russo,developer,1948-07-01,subir@sbcglobal.net
Camilla,Engelbrecht,developer,1951-09-14,rgarcia@yahoo.ca
Etta,Wycoff,manager,1953-03-11,martink@me.com
Hiram,Collom,manager,1955-05-23,adamk@yahoo.com
Benito,Skillings,developer,1955-10-19,vertigo@yahoo.ca
Josephina,Borrelli,developer,1957-04-11,hakim@icloud.com
Cecille,Bridgeforth,manager,1957-11-29,dawnsong@verizon.net
Kimbra,Exline,manager,1958-12-24,library@att.net
Maryam,Amaral,manager,1963-05-06,caidaperl@optonline.net
Richard,Dimattia,manager,1969-11-06,hwestiii@outlook.com
Lazaro,Manwaring,developer,1974-01-11,fmerges@verizon.net
Senaida,Buhr,developer,1974-02-21,sakusha@verizon.net
Toni,Tilton,developer,1976-03-31,vlefevre@yahoo.com
Sharleen,Fountain,manager,1980-01-04,maratb@sbcglobal.net
Magaret,Barraza,manager,1980-05-05,jshearer@yahoo.ca
Johnnie,Coit,manager,1981-01-12,demmel@yahoo.com
Cedrick,Helman,developer,1984-09-13,novanet@me.com
Roosevelt,Puzo,developer,1985-11-29,lushe@gmail.com
Sarina,Such,manager,1987-10-23,squirrel@aol.com
Sheridan,Dalessio,manager,1991-08-09,joglo@att.net
Chan,Corrado,developer,1992-07-22,dkasak@comcast.net
Emerson,Sunday,manager,1998-09-11,brainless@icloud.com
Xiao,Paik,developer,2001-04-27,satch@att.net
Anastasia,Toto,manager,1940-04-08,staffelb@yahoo.ca
Beau,Bartolo,developer,1940-07-18,boein@msn.com
In,Tighe,manager,1941-05-28,miyop@comcast.net
Kassandra,Mcdonnell,developer,1942-09-10,pkplex@comcast.net
Halina,Falconer,developer,1950-12-07,ninenine@hotmail.com
Asha,Turlington,developer,1952-12-02,janneh@gmail.com
Glynda,Bowling,manager,1953-05-25,murty@optonline.net
Ross,Clover,manager,1955-05-23,lamky@att.net
Noma,Veloz,manager,1955-12-27,gommix@msn.com
Juanita,Stamps,manager,1959-07-23,ozawa@icloud.com
Shin,Hora,developer,1960-12-08,dhwon@att.net
Debora,Buttner,manager,1970-04-21,drolsky@outlook.com
Priscila,Deere,developer,1971-09-10,north@outlook.com
Ann,Tookes,manager,1973-09-06,smallpaul@msn.com
Lois,Beckler,developer,1975-03-12,esbeck@yahoo.ca
Katheryn,Drucker,developer,1979-09-07,parksh@me.com
Jules,Basquez,developer,1980-03-06,shawnce@gmail.com
Nicole,Mynatt,manager,1980-06-09,retoh@yahoo.com
Aileen,Bumgardner,manager,1983-03-30,stevelim@outlook.com
Bruno,Hardee,manager,1983-11-04,ivoibs@icloud.com
Abraham,Aho,manager,1984-12-25,sakusha@icloud.com
Alyson,Bonenfant,manager,1986-07-25,chronos@att.net
Deirdre,Schnur,manager,1991-12-26,fangorn@mac.com
Major,Tiffany,manager,1995-04-11,guialbu@me.com
Mora,Twedt,manager,2002-11-06,jonathan@mac.com
Venita,Vanduzer,developer,1941-08-25,formis@verizon.net
Terri,Holts,manager,1948-04-29,geeber@comcast.net
Reid,Russo,developer,1948-07-01,subir@sbcglobal.net
Camilla,Engelbrecht,developer,1951-09-14,rgarcia@yahoo.ca
Etta,Wycoff,manager,1953-03-11,martink@me.com
Hiram,Collom,manager,1955-05-23,adamk@yahoo.com
Benito,Skillings,developer,1955-10-19,vertigo@yahoo.ca
Josephina,Borrelli,developer,1957-04-11,hakim@icloud.com
Cecille,Bridgeforth,manager,1957-11-29,dawnsong@verizon.net
Kimbra,Exline,manager,1958-12-24,library@att.net
Maryam,Amaral,manager,1963-05-06,caidaperl@optonline.net
Richard,Dimattia,manager,1969-11-06,hwestiii@outlook.com
Lazaro,Manwaring,developer,1974-01-11,fmerges@verizon.net
Senaida,Buhr,developer,1974-02-21,sakusha@verizon.net
Toni,Tilton,developer,1976-03-31,vlefevre@yahoo.com
Sharleen,Fountain,manager,1980-01-04,maratb@sbcglobal.net
Magaret,Barraza,manager,1980-05-05,jshearer@yahoo.ca
Johnnie,Coit,manager,1981-01-12,demmel@yahoo.com
Cedrick,Helman,developer,1984-09-13,novanet@me.com
Roosevelt,Puzo,developer,1985-11-29,lushe@gmail.com
Sarina,Such,manager,1987-10-23,squirrel@aol.com
Sheridan,Dalessio,manager,1991-08-09,joglo@att.net
Chan,Corrado,developer,1992-07-22,dkasak@comcast.net
Emerson,Sunday,manager,1998-09-11,brainless@icloud.com
Xiao,Paik,developer,2001-04-27,satch@att.net
Anastasia,Toto,manager,1940-04-08,staffelb@yahoo.ca
Beau,Bartolo,developer,1940-07-18,boein@msn.com
In,Tighe,manager,1941-05-28,miyop@comcast.net
Kassandra,Mcdonnell,developer,1942-09-10,pkplex@comcast.net
Halina,Falconer,developer,1950-12-07,ninenine@hotmail.com
Asha,Turlington,developer,1952-12-02,janneh@gmail.com
Glynda,Bowling,manager,1953-05-25,murty@optonline.net
Ross,Clover,manager,1955-05-23,lamky@att.net
Noma,Veloz,manager,1955-12-27,gommix@msn.com
Juanita,Stamps,manager,1959-07-23,ozawa@icloud.com
Shin,Hora,developer,1960-12-08,dhwon@att.net
Debora,Buttner,manager,1970-04-21,drolsky@outlook.com
Priscila,Deere,developer,1971-09-10,north@outlook.com
Ann,Tookes,manager,1973-09-06,smallpaul@msn.com
Lois,Beckler,developer,1975-03-12,esbeck@yahoo.ca
Katheryn,Drucker,developer,1979-09-07,parksh@me.com
Jules,Basquez,developer,1980-03-06,shawnce@gmail.com
Nicole,Mynatt,manager,1980-06-09,retoh@yahoo.com
Aileen,Bumgardner,manager,1983-03-30,stevelim@outlook.com
Bruno,Hardee,manager,1983-11-04,ivoibs@icloud.com
Abraham,Aho,manager,1984-12-25,sakusha@icloud.com
Alyson,Bonenfant,manager,1986-07-25,chronos@att.net
Deirdre,Schnur,manager,1991-12-26,fangorn@mac.com
Major,Tiffany,manager,1995-04-11,guialbu@me.com
Mora,Twedt,manager,2002-11-06,jonathan@mac.com
Venita,Vanduzer,developer,1941-08-25,formis@verizon.net
Terri,Holts,manager,1948-04-29,geeber@comcast.net
Reid,Russo,developer,1948-07-01,subir@sbcglobal.net
Camilla,Engelbrecht,developer,1951-09-14,rgarcia@yahoo.ca
Etta,Wycoff,manager,1953-03-11,martink@me.com
Hiram,Collom,manager,1955-05-23,adamk@yahoo.com
Benito,Skillings,developer,1955-10-19,vertigo@yahoo.ca
Josephina,Borrelli,developer,1957-04-11,hakim@icloud.com
Cecille,Bridgeforth,manager,1957-11-29,dawnsong@verizon.net
Kimbra,Exline,manager,1958-12-24,library@att.net
Maryam,Amaral,manager,1963-05-06,caidaperl@optonline.net
Richard,Dimattia,manager,1969-11-06,hwestiii@outlook.com
Lazaro,Manwaring,developer,1974-01-11,fmerges@verizon.net
Senaida,Buhr,developer,1974-02-21,sakusha@verizon.net
Toni,Tilton,developer,1976-03-31,vlefevre@yahoo.com
Sharleen,Fountain,manager,1980-01-04,maratb@sbcglobal.net
Magaret,Barraza,manager,1980-05-05,jshearer@yahoo.ca
Johnnie,Coit,manager,1981-01-12,demmel@yahoo.com
Cedrick,Helman,developer,1984-09-13,novanet@me.com
Roosevelt,Puzo,developer,1985-11-29,lushe@gmail.com
Sarina,Such,manager,1987-10-23,squirrel@aol.com
Sheridan,Dalessio,manager,1991-08-09,joglo@att.net
Chan,Corrado,developer,1992-07-22,dkasak@comcast.net
Emerson,Sunday,manager,1998-09-11,brainless@icloud.com
Xiao,Paik,developer,2001-04-27,satch@att.net
Anastasia,Toto,manager,1940-04-08,staffelb@yahoo.ca
Beau,Bartolo,developer,1940-07-18,boein@msn.com
In,Tighe,manager,1941-05-28,miyop@comcast.net
Kassandra,Mcdonnell,developer,1942-09-10,pkplex@comcast.net
Halina,Falconer,developer,1950-12-07,ninenine@hotmail.com
Asha,Turlington,developer,1952-12-02,janneh@gmail.com
Glynda,Bowling,manager,1953-05-25,murty@optonline.net
Ross,Clover,manager,1955-05-23,lamky@att.net
Noma,Veloz,manager,1955-12-27,gommix@msn.com
Juanita,Stamps,manager,1959-07-23,ozawa@icloud.com
Shin,Hora,developer,1960-12-08,dhwon@att.net
Debora,Buttner,manager,1970-04-21,drolsky@outlook.com
Priscila,Deere,developer,1971-09-10,north@outlook.com
Ann,Tookes,manager,1973-09-06,smallpaul@msn.com
Lois,Beckler,developer,1975-03-12,esbeck@yahoo.ca
Katheryn,Drucker,developer,1979-09-07,parksh@me.com
Jules,Basquez,developer,1980-03-06,shawnce@gmail.com
Nicole,Mynatt,manager,1980-06-09,retoh@yahoo.com
Aileen,Bumgardner,manager,1983-03-30,stevelim@outlook.com
Bruno,Hardee,manager,1983-11-04,ivoibs@icloud.com
Abraham,Aho,manager,1984-12-25,sakusha@icloud.com
Alyson,Bonenfant,manager,1986-07-25,chronos@att.net
Deirdre,Schnur,manager,1991-12-26,fangorn@mac.com
Major,Tiffany,manager,1995-04-11,guialbu@me.com
Mora,Twedt,manager,2002-11-06,jonathan@mac.com
Venita,Vanduzer,developer,1941-08-25,formis@verizon.net
Terri,Holts,manager,1948-04-29,geeber@comcast.net
Reid,Russo,developer,1948-07-01,subir@sbcglobal.net
Camilla,Engelbrecht,developer,1951-09-14,rgarcia@yahoo.ca
Etta,Wycoff,manager,1953-03-11,martink@me.com
Hiram,Collom,manager,1955-05-23,adamk@yahoo.com
Benito,Skillings,developer,1955-10-19,vertigo@yahoo.ca
Josephina,Borrelli,developer,1957-04-11,hakim@icloud.com
Cecille,Bridgeforth,manager,1957-11-29,dawnsong@verizon.net
Kimbra,Exline,manager,1958-12-24,library@att.net
Maryam,Amaral,manager,1963-05-06,caidaperl@optonline.net
Richard,Dimattia,manager,1969-11-06,hwestiii@outlook.com
Lazaro,Manwaring,developer,1974-01-11,fmerges@verizon.net
Senaida,Buhr,developer,1974-02-21,sakusha@verizon.net
Toni,Tilton,developer,1976-03-31,vlefevre@yahoo.com
Sharleen,Fountain,manager,1980-01-04,maratb@sbcglobal.net
Magaret,Barraza,manager,1980-05-05,jshearer@yahoo.ca
Johnnie,Coit,manager,1981-01-12,demmel@yahoo.com
Cedrick,Helman,developer,1984-09-13,novanet@me.com
Roosevelt,Puzo,developer,1985-11-29,lushe@gmail.com
Sarina,Such,manager,1987-10-23,squirrel@aol.com
Sheridan,Dalessio,manager,1991-08-09,joglo@att.net
Chan,Corrado,developer,1992-07-22,dkasak@comcast.net
Emerson,Sunday,manager,1998-09-11,brainless@icloud.com
Xiao,Paik,developer,2001-04-27,satch@att.net
Anastasia,Toto,manager,1940-04-08,staffelb@yahoo.ca
Beau,Bartolo,developer,1940-07-18,boein@msn.com
In,Tighe,manager,1941-05-28,miyop@comcast.net
Kassandra,Mcdonnell,developer,1942-09-10,pkplex@comcast.net
Halina,Falconer,developer,1950-12-07,ninenine@hotmail.com
Asha,Turlington,developer,1952-12-02,janneh@gmail.com
Glynda,Bowling,manager,1953-05-25,murty@optonline.net
Ross,Clover,manager,1955-05-23,lamky@att.net
Noma,Veloz,manager,1955-12-27,gommix@msn.com
Juanita,Stamps,manager,1959-07-23,ozawa@icloud.com
Shin,Hora,developer,1960-12-08,dhwon@att.net
Debora,Buttner,manager,1970-04-21,drolsky@outlook.com
Priscila,Deere,developer,1971-09-10,north@outlook.com
Ann,Tookes,manager,1973-09-06,smallpaul@msn.com
Lois,Beckler,developer,1975-03-12,esbeck@yahoo.ca
Katheryn,Drucker,developer,1979-09-07,parksh@me.com
Jules,Basquez,developer,1980-03-06,shawnce@gmail.com
Nicole,Mynatt,manager,1980-06-09,retoh@yahoo.com
Aileen,Bumgardner,manager,1983-03-30,stevelim@outlook.com
Bruno,Hardee,manager,1983-11-04,ivoibs@icloud.com
Abraham,Aho,manager,1984-12-25,sakusha@icloud.com
Alyson,Bonenfant,manager,1986-07-25,chronos@att.net
Deirdre,Schnur,manager,1991-12-26,fangorn@mac.com
Major,Tiffany,manager,1995-04-11,guialbu@me.com
Mora,Twedt,manager,2002-11-06,jonathan@mac.com
Venita,Vanduzer,developer,1941-08-25,formis@verizon.net
Terri,Holts,manager,1948-04-29,geeber@comcast.net
Reid,Russo,developer,1948-07-01,subir@sbcglobal.net
Camilla,Engelbrecht,developer,1951-09-14,rgarcia@yahoo.ca
Etta,Wycoff,manager,1953-03-11,martink@me.com
Hiram,Collom,manager,1955-05-23,adamk@yahoo.com
Benito,Skillings,developer,1955-10-19,vertigo@yahoo.ca
Josephina,Borrelli,developer,1957-04-11,hakim@icloud.com
Cecille,Bridgeforth,manager,1957-11-29,dawnsong@verizon.net
Kimbra,Exline,manager,1958-12-24,library@att.net
Maryam,Amaral,manager,1963-05-06,caidaperl@optonline.net
Richard,Dimattia,manager,1969-11-06,hwestiii@outlook.com
Lazaro,Manwaring,developer,1974-01-11,fmerges@verizon.net
Senaida,Buhr,developer,1974-02-21,sakusha@verizon.net
Toni,Tilton,developer,1976-03-31,vlefevre@yahoo.com
Sharleen,Fountain,manager,1980-01-04,maratb@sbcglobal.net
Magaret,Barraza,manager,1980-05-05,jshearer@yahoo.ca
Johnnie,Coit,manager,1981-01-12,demmel@yahoo.com
Cedrick,Helman,developer,1984-09-13,novanet@me.com
Roosevelt,Puzo,developer,1985-11-29,lushe@gmail.com
Sarina,Such,manager,1987-10-23,squirrel@aol.com
Sheridan,Dalessio,manager,1991-08-09,joglo@att.net
Chan,Corrado,developer,1992-07-22,dkasak@comcast.net
Emerson,Sunday,manager,1998-09-11,brainless@icloud.com
Xiao,Paik,developer,2001-04-27,satch@att.net
Anastasia,Toto,manager,1940-04-08,staffelb@yahoo.ca
Beau,Bartolo,developer,1940-07-18,boein@msn.com
In,Tighe,manager,1941-05-28,miyop@comcast.net
Kassandra,Mcdonnell,developer,1942-09-10,pkplex@comcast.net
Halina,Falconer,developer,1950-12-07,ninenine@hotmail.com
Asha,Turlington,developer,1952-12-02,janneh@gmail.com
Glynda,Bowling,manager,1953-05-25,murty@optonline.net
Ross,Clover,manager,1955-05-23,lamky@att.net
Noma,Veloz,manager,1955-12-27,gommix@msn.com
Juanita,Stamps,manager,1959-07-23,ozawa@icloud.com
Shin,Hora,developer,1960-12-08,dhwon@att.net
Debora,Buttner,manager,1970-04-21,drolsky@outlook.com
Priscila,Deere,developer,1971-09-10,north@outlook.com
Ann,Tookes,manager,1973-09-06,smallpaul@msn.com
Lois,Beckler,developer,1975-03-12,esbeck@yahoo.ca
Katheryn,Drucker,developer,1979-09-07,parksh@me.com
Jules,Basquez,developer,1980-03-06,shawnce@gmail.com
Nicole,Mynatt,manager,1980-06-09,retoh@yahoo.com
Aileen,Bumgardner,manager,1983-03-30,stevelim@outlook.com
Bruno,Hardee,manager,1983-11-04,ivoibs@icloud.com
Abraham,Aho,manager,1984-12-25,sakusha@icloud.com
Alyson,Bonenfant,manager,1986-07-25,chronos@att.net
Deirdre,Schnur,manager,1991-12-26,fangorn@mac.com
Major,Tiffany,manager,1995-04-11,guialbu@me.com
Mora,Twedt,manager,2002-11-06,jonathan@mac.com
Venita,Vanduzer,developer,1941-08-25,formis@verizon.net
Terri,Holts,manager,1948-04-29,geeber@comcast.net
Reid,Russo,developer,1948-07-01,subir@sbcglobal.net
Camilla,Engelbrecht,developer,1951-09-14,rgarcia@yahoo.ca
Etta,Wycoff,manager,1953-03-11,martink@me.com
Hiram,Collom,manager,1955-05-23,adamk@yahoo.com
Benito,Skillings,developer,1955-10-19,vertigo@yahoo.ca
Josephina,Borrelli,developer,1957-04-11,hakim@icloud.com
Cecille,Bridgeforth,manager,1957-11-29,dawnsong@verizon.net
Kimbra,Exline,manager,1958-12-24,library@att.net
Maryam,Amaral,manager,1963-05-06,caidaperl@optonline.net
Richard,Dimattia,manager,1969-11-06,hwestiii@outlook.com
Lazaro,Manwaring,developer,1974-01-11,fmerges@verizon.net
Senaida,Buhr,developer,1974-02-21,sakusha@verizon.net
Toni,Tilton,developer,1976-03-31,vlefevre@yahoo.com
Sharleen,Fountain,manager,1980-01-04,maratb@sbcglobal.net
Magaret,Barraza,manager,1980-05-05,jshearer@yahoo.ca
Johnnie,Coit,manager,1981-01-12,demmel@yahoo.com
Cedrick,Helman,developer,1984-09-13,novanet@me.com
Roosevelt,Puzo,developer,1985-11-29,lushe@gmail.com
Sarina,Such,manager,1987-10-23,squirrel@aol.com
Sheridan,Dalessio,manager,1991-08-09,joglo@att.net
Chan,Corrado,developer,1992-07-22,dkasak@comcast.net
Emerson,Sunday,manager,1998-09-11,brainless@icloud.com
Xiao,Paik,developer,2001-04-27,satch@att.net
Anastasia,Toto,manager,1940-04-08,staffelb@yahoo.ca
Beau,Bartolo,developer,1940-07-18,boein@msn.com
In,Tighe,manager,1941-05-28,miyop@comcast.net
Kassandra,Mcdonnell,developer,1942-09-10,pkplex@comcast.net
Halina,Falconer,developer,1950-12-07,ninenine@hotmail.com
Asha,Turlington,developer,1952-12-02,janneh@gmail.com
Glynda,Bowling,manager,1953-05-25,murty@optonline.net
Ross,Clover,manager,1955-05-23,lamky@att.net
Noma,Veloz,manager,1955-12-27,gommix@msn.com
Juanita,Stamps,manager,1959-07-23,ozawa@icloud.com
Shin,Hora,developer,1960-12-08,dhwon@att.net
Debora,Buttner,manager,1970-04-21,drolsky@outlook.com
Priscila,Deere,developer,1971-09-10,north@outlook.com
Ann,Tookes,manager,1973-09-06,smallpaul@msn.com
Lois,Beckler,developer,1975-03-12,esbeck@yahoo.ca
Katheryn,Drucker,developer,1979-09-07,parksh@me.com
Jules,Basquez,developer,1980-03-06,shawnce@gmail.com
Nicole,Mynatt,manager,1980-06-09,retoh@yahoo.com
Aileen,Bumgardner,manager,1983-03-30,stevelim@outlook.com
Bruno,Hardee,manager,1983-11-04,ivoibs@icloud.com
Abraham,Aho,manager,1984-12-25,sakusha@icloud.com
Alyson,Bonenfant,manager,1986-07-25,chronos@att.net
Deirdre,Schnur,manager,1991-12-26,fangorn@mac.com
Major,Tiffany,manager,1995-04-11,guialbu@me.com
Mora,Twedt,manager,2002-11-06,jonathan@mac.com
Venita,Vanduzer,developer,1941-08-25,formis@verizon.net
Terri,Holts,manager,1948-04-29,geeber@comcast.net
Reid,Russo,developer,1948-07-01,subir@sbcglobal.net
Camilla,Engelbrecht,developer,1951-09-14,rgarcia@yahoo.ca
Etta,Wycoff,manager,1953-03-11,martink@me.com
Hiram,Collom,manager,1955-05-23,adamk@yahoo.com
Benito,Skillings,developer,1955-10-19,vertigo@yahoo.ca
Josephina,Borrelli,developer,1957-04-11,hakim@icloud.com
Cecille,Bridgeforth,manager,1957-11-29,dawnsong@verizon.net
Kimbra,Exline,manager,1958-12-24,library@att.net
Maryam,Amaral,manager,1963-05-06,caidaperl@optonline.net
Richard,Dimattia,manager,1969-11-06,hwestiii@outlook.com
Lazaro,Manwaring,developer,1974-01-11,fmerges@verizon.net
Senaida,Buhr,developer,1974-02-21,sakusha@verizon.net
Toni,Tilton,developer,1976-03-31,vlefevre@yahoo.com
Sharleen,Fountain,manager,1980-01-04,maratb@sbcglobal.net
Magaret,Barraza,manager,1980-05-05,jshearer@yahoo.ca
Johnnie,Coit,manager,1981-01-12,demmel@yahoo.com
Cedrick,Helman,developer,1984-09-13,novanet@me.com
Roosevelt,Puzo,developer,1985-11-29,lushe@gmail.com
Sarina,Such,manager,1987-10-23,squirrel@aol.com
Sheridan,Dalessio,manager,1991-08-09,joglo@att.net
Chan,Corrado,developer,1992-07-22,dkasak@comcast.net
Emerson,Sunday,manager,1998-09-11,brainless@icloud.com
Xiao,Paik,developer,2001-04-27,satch@att.net
Anastasia,Toto,manager,1940-04-08,staffelb@yahoo.ca
Beau,Bartolo,developer,1940-07-18,boein@msn.com
In,Tighe,manager,1941-05-28,miyop@comcast.net
Kassandra,Mcdonnell,developer,1942-09-10,pkplex@comcast.net
Halina,Falconer,developer,1950-12-07,ninenine@hotmail.com
Asha,Turlington,developer,1952-12-02,janneh@gmail.com
Glynda,Bowling,manager,1953-05-25,murty@optonline.net
Ross,Clover,manager,1955-05-23,lamky@att.net
Noma,Veloz,manager,1955-12-27,gommix@msn.com
Juanita,Stamps,manager,1959-07-23,ozawa@icloud.com
Shin,Hora,developer,1960-12-08,dhwon@att.net
Debora,Buttner,manager,1970-04-21,drolsky@outlook.com
Priscila,Deere,developer,1971-09-10,north@outlook.com
Ann,Tookes,manager,1973-09-06,smallpaul@msn.com
Lois,Beckler,developer,1975-03-12,esbeck@yahoo.ca
Katheryn,Drucker,developer,1979-09-07,parksh@me.com
Jules,Basquez,developer,1980-03-06,shawnce@gmail.com
Nicole,Mynatt,manager,1980-06-09,retoh@yahoo.com
Aileen,Bumgardner,manager,1983-03-30,stevelim@outlook.com
Bruno,Hardee,manager,1983-11-04,ivoibs@icloud.com
Abraham,Aho,manager,1984-12-25,sakusha@icloud.com
Alyson,Bonenfant,manager,1986-07-25,chronos@att.net
Deirdre,Schnur,manager,1991-12-26,fangorn@mac.com
Major,Tiffany,manager,1995-04-11,guialbu@me.com
Mora,Twedt,manager,2002-11-06,jonathan@mac.com
Venita,Vanduzer,developer,1941-08-25,formis@verizon.net
Terri,Holts,manager,1948-04-29,geeber@comcast.net
Reid,Russo,developer,1948-07-01,subir@sbcglobal.net
Camilla,Engelbrecht,developer,1951-09-14,rgarcia@yahoo.ca
Etta,Wycoff,manager,1953-03-11,martink@me.com
Hiram,Collom,manager,1955-05-23,adamk@yahoo.com
Benito,Skillings,developer,1955-10-19,vertigo@yahoo.ca
Josephina,Borrelli,developer,1957-04-11,hakim@icloud.com
Cecille,Bridgeforth,manager,1957-11-29,dawnsong@verizon.net
Kimbra,Exline,manager,1958-12-24,library@att.net
Maryam,Amaral,manager,1963-05-06,caidaperl@optonline.net
Richard,Dimattia,manager,1969-11-06,hwestiii@outlook.com
Lazaro,Manwaring,developer,1974-01-11,fmerges@verizon.net
Senaida,Buhr,developer,1974-02-21,sakusha@verizon.net
Toni,Tilton,developer,1976-03-31,vlefevre@yahoo.com
Sharleen,Fountain,manager,1980-01-04,maratb@sbcglobal.net
Magaret,Barraza,manager,1980-05-05,jshearer@yahoo.ca
Johnnie,Coit,manager,1981-01-12,demmel@yahoo.com
Cedrick,Helman,developer,1984-09-13,novanet@me.com
Roosevelt,Puzo,developer,1985-11-29,lushe@gmail.com
Sarina,Such,manager,1987-10-23,squirrel@aol.com
Sheridan,Dalessio,manager,1991-08-09,joglo@att.net
Chan,Corrado,developer,1992-07-22,dkasak@comcast.net
Emerson,Sunday,manager,1998-09-11,brainless@icloud.com
Xiao,Paik,developer,2001-04-27,satch@att.net